,title,hits
29,IVE 아이브 'LOVE DIVE' MV,220906945
8,IVE 아이브 'After LIKE' MV,217249288
2,IVE 아이브 'I AM' MV,118431264
4,IVE 아이브 'Kitsch' MV,79650676
387,비공개 영상 속 아이브 인성;;,51777583
19,"LE SSERAFIM (르세라핌) ‘이브, 프시케 그리고 푸른 수염의 아내’ OFFICIAL M/V",30418976
363,IVE 아이브 'LOVE DIVE' DANCE PRACTICE,30096233
123,아이브 (IVE) _ LOVE DIVE | 러브 다이브 | 1theKILLPO | 원더킬포 | 킬포인트 | 킬링파트 | Performance | 유진 가을 레이 원영 리즈 이서,24983629
70,LOVE DIVE,20143131
42,[뮤뱅 원테이크 4K] 아이브(IVE) 'After LIKE' 4K Bonus Ver. @뮤직뱅크(Music Bank) 220826,17891753
24,[BE ORIGINAL] IVE(아이브) 'I AM' (4K),17328819
188,IVE 아이브 'ELEVEN' DANCE PRACTICE (Fix ver.),17118034
20,아이즈원 (IZ*ONE) - Panorama (4K) | IZ*ONE One-reeler Premiere,16068072
403,⚱️아이브 X 땡깡⚱️ (ELEVEN) #땡깡의커튼콜,15692229
9,IVE 아이브 'WAVE' MV,15283114
66,[단독샷캠4K] 아이브 'After LIKE' 단독샷 별도녹화│IVE ONE TAKE STAGE @SBS Inkigayo 220828,14445276
200,IVE 'ELEVEN' Lyrics (아이브 ELEVEN 가사) (Color Coded Lyrics),13795861
110,IVE 'LOVE DIVE' Lyrics (아이브 LOVE DIVE 가사) (Color Coded Lyrics),11177592
272,IVE 아이브 'After LIKE' DANCE PRACTICE,10790829
41,[안방1열 직캠4K] 아이브 'LOVE DIVE' 풀캠 (IVE Full Cam)│@SBS Inkigayo_2022.04.10.,10758894
285,[단독샷캠] 아이브 'ELEVEN' 단독샷 별도녹화│IVE ONE TAKE STAGE│@SBS Inkigayo_2021.12.05.,9954211
180,아이브 (IVE) _ ELEVEN | 일레븐 | 1theKILLPO | 원더킬포 | 킬포인트 | 킬링파트 | Performance | 4K | 유진 가을 레이 원영 리즈 이서,9945066
52,[전참시] ※최초 공개※ 아이브 (IVE)의 숙소 생활🏚 무대 밖에서는 영락없는 고딩💗ㅣ#아이브 #숙소 MBC220409방송,9668364
113,IVE(아이브) - LOVE DIVE 교차편집 4K (Stage Mix),9188729
88,IVE (아이브) 'ELEVEN' 교차편집 (Stage Mix) [4K],9037506
304,광동 옥수수수염차X아이브 – 건강한 일상엔 언제나 V가 함께 (30초),8903250
389,IVE(아이브 アイヴ) - ELEVEN(일레븐) (2021 KBS Song Festival) I KBS WORLD TV 211217,8775956
120,[단독샷캠4K] 아이브 'LOVE DIVE' 단독샷 별도녹화│IVE ONE TAKE STAGE│@SBS Inkigayo_2022.04.24.,8601255
423,지구용사 #이영지 의 #내춤춰챌린지💃🏼 #Kitsch #KitschChallenge #키치챌린지 #IVE #아이브 #IveIVE #아이해브아이브 #뿅뿅지구오락실 #Shorts,8275475
356,Kitsch! 🕶 #Kitsch #KitschChallenge #키치챌린지 #IVE #아이브 #IveIVE #아이해브아이브 #Shorts,7840852
164,장원영 : 따ㅎ (갑자기 음악이 멈추면) ♬ 아이브 - I AM,7537296
151,🏠 아이브 오신 날,7076084
320,아이브 안유진 무대 착장 BEST순위 #아이브 #안유진 #아이엠 #키치 고급진 안댕댕🐶,6894396
51,"[4K] 아이브 (IVE) -“I AM” Band LIVE Concert │넌 그냥 아이브 믿으면 돼, 보이는 그대로야💗 [it’s KPOP LIVE 잇츠라이브]",6837592
153,IVE(아이브) - ELEVEN @인기가요 inkigayo 20211212,6819327
121,IVE After LIKE Lyrics (아이브 After LIKE 가사) [Color Coded Lyrics/Han/Rom/Eng],6586602
21,NewJeans (뉴진스) 'ASAP' Teaser,6440824
545,"아이브 안유진 의 애교댄스 - 라이언 하트 / 드럼, 베이스 믹스 #shorts",6333935
18,IVE I AM Lyrics (아이브 아이엠 가사) (Color Coded Lyrics),6198277
187,아이브(IVE) - After LIKE 교차편집(stage mix),6019182
109,아이브 ‘I AM'을 거꾸로 치면 어떻게 될까?,5790519
283,자유로운 Kitsch! 💟 #Kitsch #KitschChallenge #키치챌린지 #IVE #아이브 #IveIVE #아이해브아이브 #Shorts,5784917
396,장르로는 GALAXY💫#IAMchallenge #아이엠챌린지 #IAM #아이엠 #IVE #아이브 #GAEUL #가을 #JANGWONYOUNG #장원영 #Shorts,5690449
14,[뮤뱅 원테이크 4K] 아이브(IVE) 'I AM' 4K Bonus Ver. @뮤직뱅크(Music Bank) 230414,5652067
229,"IVE Wonyoung vs Liz makeup 👀✨ 원영 vs 리즈 메이크업!! 아이브 컴백 최고,,💕",5604946
395,무대천재 아이브의 하이틴 컨셉 퍼포먼스 | Ariana Grande | Fifth Harmony | IVE | Choreography | STAGE BREAK | 스테이지브레이크,5582624
343,IVE 아이브 'After LIKE' (OUT NOW ver.),5568323
400,뉴진스 VS 아이브 영어실력 특징 ㄷㄷ,5565413
174,[2022 MAMA] IVE - LOVE DIVE+After LIKE | Mnet 221130 방송,5552312
247,아이브 I AM 고음 파트 도즈어어언🔥🥵🔥 #ive #iam #아이브,5487319
384,미쳐버린 안녕즈 비율 [아이브 장원영 안유진],5413107
271,IVE(아이브) - ELEVEN @인기가요 inkigayo 20211205,5188585
367,"YOU'RE SO WEIRD, DON'T CHANGE 💗🎀 #Kitsch #KitschChallenge #키치챌린지 #IVE #아이브 #IveIVE #아이해브아이브 #Shorts",5021826
286,IVE _ After LIKE | 아이브 | 스페셜클립 | 퍼포먼스 | Special Clip | Performance,5012909
16,IVE(아이브) - Kitsch @인기가요 inkigayo 20230423,4906782
562,아이브 장원영 무대 착장 BEST순위 #아이브 #장원영 #아이엠 #키치 다 예쁨!!!,4849464
265,더쇼 아이브 아이엠 앵콜 라이브 멤버별 모음🎤 IVE I am Live #shorts #ive #아이브,4808508
148,IVE (아이브) - Eleven (일레븐) Lyrics (Han/Rom/Eng/Color Coded/Lyrics/가사) | bingsoosh,4726240
55,IVE LOVE DIVE Lyrics (아이브 LOVE DIVE 가사) [Color Coded Lyrics/Han/Rom/Eng],4712581
175,국민 걸그룹 아이브 처음 본 외국인 찐반응 [아이브 - I AM],4646454
136,아이브 I AM 앵콜 라이브,4597377
385,IVE 아이브 'After LIKE' Teaser,4567427
216,[교차편집] IVE(아이브) - ELEVEN / Stage Mix,4566865
240,아이브 레이의 번아웃,4509728
168,기강잡는 꼰유진 [아이브 안유진] in 지구오락실,4501425
84,"[쇼! 음악중심] 아이브 - 일레븐 (IVE - ELEVEN), MBC 211204 방송",4475752
141,IVE(아이브) - After LIKE @인기가요 inkigayo 20220828,4458676
62,아이브에게 처음 보는 악기를 주면 생기는 일 | 글로벌 빙고 Global Bingo | 아이브 IVE,4457318
380,K-I-T-S-C-H 😎 #Kitsch #KitschChallenge #키치챌린지 #IVE #아이브 #IveIVE #아이해브아이브 #Shorts,4340565
284,IVE After LIKE Lyrics (아이브 After LIKE 가사) (Color Coded Lyrics),4340426
67,I AM - 아이브 [더 시즌즈-박재범의 드라이브] | KBS 230416 방송,4253032
281,IVE 아이브 'LOVE DIVE' Teaser,4235119
483,만삭 임산부가 부르는 아이브 I AM 라이브🎤 #아이브 #IAM #임산부,4209585
80,[전참시] 무릎 부상에도 프로페셔널한 모습😍 IVE 아이브 'LOVE DIVE' 뮤직비디오 비하인드ㅣ#아이브 #러브다이브 MBC220409방송,4196768
422,아이브 - After Dive🤿(?),4196492
415,아이브 리즈 변천사 (데뷔전 ~ 현재) #아이브 #리즈 #아이브리즈,4168077
157,[안방1열 직캠4K] 아이브 'ELEVEN' 풀캠 (IVE Full Cam)│@SBS Inkigayo_2021.12.05.,4139688
352,"어서오십쇼, 이곳은 가사가 그대로 이뤄지는 아이브 수련회장입니다(~˘▾˘)~ #돌들의침묵 #IVE #아이브 #IAM #가사컴트루 #Shorts",4067477
172,[아이브] Kitsch 컨셉 이해못한 엔딩냥이 리즈,4053160
26,[MV] IVE(아이브) _ LOVE DIVE,4024380
337,밝게 빛이 나는 길을 찾아 👑 #IAMchallenge #아이엠챌린지 #IAM #아이엠 #IVE #아이브 #IveIVE #아이해브아이브 #Shorts,3996644
383,1위하고 I AM 앵콜 라이브 자신감 있게 지르는 아이브,3993572
315,LOVE DIVE 이세계아이돌 COVER - [IVE(아이브) - 러브다이브] (isegye idol),3988880
346,I HAVE IVE ✨🛫 #IAMchallenge #아이엠챌린지 #IAM #아이엠 #IVE #아이브 #IveIVE #아이해브아이브 #Shorts,3896204
398,논란중인 아이브 장원영 앵콜무대,3773185
36,IVE Kitsch Lyrics (아이브 키치 가사) (Color Coded Lyrics),3747068
160,어쩔 줄 모르는 매니저님ㅋㅋㅋㅋ (아이브 대기실),3711413
54,[아이브] I AM 안무 연습 1일차,3701095
299,일반인 여섯 명이 아이브 아이엠을 부른다면?,3666069
394,[아이브] 가사 속에 숨겨진 멤버들 이름...??,3587172
142,IVE - Kitsch | 아이브 - 키치 [THE SHOW 230418],3509656
256,저는요 아이브 만능 리더 안댕댕🐶 #IAMchallenge #아이엠챌린지 #IVE #아이브 #ANYUJIN #안유진 #IAM #아이엠 #IveIVE #Shorts,3482911
410,아이브 ＜I AM＞ 1위 앵콜 무대 대신 채워준 이채연 l #쇼챔피언,3455713
277,내가 봐도 너무 이쁨🤣 #아이브 #장원영,3412151
162,[EN/JP/ID] 아이브에게 숨 참다 못해 숨멎💘 정지훈 선생님과 아이브 학생들의 원데이 클래스 ㅣ시즌비시즌2 EP.4,3387059
475,우리만의 자유로운 Nineteen’s 'Kitsch' 😈 #Kitsch #Kitschchallenge #키치챌린지 #IVE #아이브 #IveIVE #아이해브아이브 #Shorts,3343373
129,1% vs 100% 🔥🔥 쌍둥이가 퍼센트댄스로 추는 IVE [아이브] - I AM [아이엠] #twins #shorts,3138497
28,"230520 IVE (아이브) ""Kitsch, After LIKE, LOVE DIVE, I AM"" 전체 직캠(Fancam) [4K 60p] @연세대학교 축제 아카라카",3126414
414,아이브 녹음실 훔쳐보기 #shorts #ive #afterlike,3087269
568,아이브 After Like 중국버전ㅋㅋ🇨🇳🤣,3060444
49,My Satisfaction (My Satisfaction),3049285
108,아이브 레이와 경호원님의 I AM 챌린지,3039900
167,"[아이브] 신이 내린 특수효과 ""비"" (특수효과 레전드)",2976486
432,"IVE 아이브 'Take it', 'That's my Girl' @Welcome K-POP CLICK콘서트 011522",2965463
245,나이 속인 아이브...? (feat. 고음불가) | 아이브 리즈 안유진 아재개그 🧔 이서 세대차이 | 녕탐정 장원영,2936943
570,[IVE ON] 'LOVE DIVE' 녹화 비하인드,2912844
182,#한판만 IVE 아이브 'I AM' 기념 멤버들 좋아하는 음식 #asmr #shorts #ive,2879266
328,아이돌 작명할 명수 - 아이브 #할명수 #박명수 #IVE #shorts,2855431
169,IVE(아이브) - LOVE DIVE (Music Bank) | KBS WORLD TV 220422,2799637
393,우린 아이브~ 🐶🐿🐥🐰🐱🐯 #IAMchallenge #아이엠챌린지 #IVE #아이브 #IAM #아이엠 #IveIVE #Shorts,2793285
404,FA---N--TA---S---Y 🌟 #IAMchallenge #아이엠챌린지 #IAM #아이엠 #IVE #아이브 #IveIVE #아이해브아이브 #GAEUL #가을 #Shorts,2784127
574,최고의 “핫퀸카퍼피” 아이브 안유..↗ 후~ 😘 앤다아아〰🫶❤‍🔥 #Shorts,2733248
150,IVE (아이브) - I AM | Show! MusicCore | MBC230415방송,2682117
458,"[리무진서비스] EP.26 아이브 레이 | IVE REI | Love Dive, 좋아, 11:11, Boat",2671725
279,라이브 레전드 찍은 아이브 I AM 앵콜 #IVE #MPD직캠 #shorts,2668032
132,IVE - I AM | 아이브 - 아이엠 [THE SHOW 230418],2652315
335,IVE만 믿으면 돼 💕 #IAMchallenge #아이엠챌린지 #IAM #아이엠 #IVE #아이브 #IveIVE #아이해브아이브 #Shorts,2630815
241,IVE(아이브) - I AM | Singing Duet Challenge 🎤 | Sing with me #shorts,2624960
386,Yah~ 모두 주목해! 👖💎 #Kitsch #KitschChallenge #키치챌린지 #IVE #아이브 #IveIVE #아이해브아이브 #Shorts,2615472
22,IVE(아이브) - I AM @인기가요 inkigayo 20230423,2582824
493,아이브만 좋아하면 뭐 어때 huh 👓🎶 #Kitsch #KitschChallenge #키치챌린지 #IVE #아이브 #IveIVE #아이해브아이브 #Shorts,2578275
357,초3이 혼자 연습한 IVE 아이브 'I AM' #shorts,2573171
460,아이브 'Kitsch' [1분 요약],2549758
303,[아이브/장원영] 무려 본인도 인정함,2509767
71,02. I AM,2491782
550,[입덕직캠] 아이브 장원영 직캠 4K 'LOVE DIVE' (IVE WONYOUNG FanCam) | @MCOUNTDOWN_2022.4.7,2465534
459,아이브(IVE) “IAM” 미쳐버린 연필드로잉,2458303
130,IVE(아이브) - After LIKE | Show! MusicCore | MBC220827방송,2404385
117,I AM - IVE 아이브 뮤비 우당탕 촬영기,2360677
244,[아이브 레이] I AM 안무 수정 전후,2358461
473,읽씹하고 하는 말 (♬Kitsch 키치) [아이브 리즈],2311175
33,IVE (아이브) - I AM (1 HOUR LOOP) Lyrics | 1시간 가사,2288863
202,[MPD직캠] 아이브 직캠 8K 'I AM' (IVE FanCam) | @MCOUNTDOWN_2023.4.13,2146024
287,제일 좋은 어느 날의 연세대💙🤍🩵 #IVE #아이브#IAM #아이엠 #연세대학교 #아카라카 #Shorts,2124723
13,제주도 수학여행 기념으로 우리끼리 인생네컷 찍었다 | IVE_I AM | 아이브 | 네컷라이브 | 4Cut Live,2091024
145,"[2022 MBC 방송연예대상] 아이브의 축하공연 ＜♬ LOVE DIVE + After LIKE＞, MBC 221229 방송",2071183
107,MZ식 양보 [아이브 안유진] in 지구오락실,2048862
300,베니의 아이브(IVE) - 아이엠(I AM) cover by Benny the Cat #shorts,1964253
96,Lips (Lips),1901843
211,[MIRRORED] 4K IVE (아이브) - 'ELEVEN (일레븐)' Dance Practice (안무연습 거울모드),1887030
176,IVE 아이브 'I AM' challenge mom ver. (43 years old) 엄마 버전 아이엠 챌린지 하는데 아들 난입 ㅋㅣ토깽이네,1845568
280,IVE 아이브 'I AM' 더빙 #shorts,1827876
353,아이브 라이브 잘한다니까,1827591
231,아이브 I AM 몇배속까지 가능?! 4배속으로 내 소개를 해주지 #shorts #iamchallenge,1779451
85,"Shall We ""Kitsch""❓ #Kitsch #KitschChallenge #키치챌린지 #IVE #아이브 #IveIVE #아이해브아이브 #Shorts",1774193
83,"아이브 가을, 레이 최애의 아이 챌린지",1761995
159,런닝맨 아이브(IVE) 하이라이트 #런닝맨 #RunningMan | SBSNOW,1753422
427,[아이브] 누가 막내인지..,1710569
373,"IVE(아이브) - 'I AM' 라이브 영상 멤버별 발성타입 분석(리즈, 안유진)",1698130
305,IVE – I AM(아이브 - 아이엠) 여키도전 #shorts,1691609
73,살빼고 리즈로 돌아온 아이브 리즈 #shorts,1672824
144,IVE (아이브) - My Satisfaction | Show! MusicCore | MBC230311방송,1671126
434,[페이스캠4K] 아이브 가을 'After LIKE' (IVE GAEUL FaceCam) @SBS Inkigayo 220904,1670603
324,대학로에 등장한 아이브,1668254
282,[아이브] 억울한 레이ㅋㅋㅋㅋㅋ (feat. 아니야),1636606
235,아이브 i am #독박고음 도즈언!!!!!!!,1633842
116,IVE (아이브) 'LOVE DIVE' 교차편집 (Stage Mix) [4K],1626691
114,현재 난리난 장원영 VS 리즈 가창력 비교ㄷㄷ아이브 녹음실에서 포착된 충격적인 장면 (ft.리즈 차별 논란),1615735
455,(Teaser) [BE ORIGINAL] IVE(아이브) 'I AM' (4K),1611891
48,아이브 I AM 뮤비 다이빙 촬영 ㅎㄷㄷㄷ,1575652
464,[아이브] 아이엠 막방.. 그리고 쉼표머리(반깐) 안유진,1553743
379,"[EN/CN] 제 2의 (여자)아이들, 아이브, 뉴진스, NCT, 블랙핑크, 세븐틴... 을 찾습니다ㅣ캐스팅 매니저ㅣ워크돌ㅣ슈화",1539209
102,Blue Blood (Blue Blood),1519550
296,IVE 아이브 'I AM' MV Cover #ive #iam #아이브 #cover #커버 #acnh #모동숲,1518275
143,"아이브(IVE), 통통 튀는 매력 보여주는 무대 ＜카라 - Pretty Girl♬＞ #SBS가요대전 #SBSenter",1506937
165,가사 틀린 범인 찾기 [아이브],1489531
399,아이브 아이엠 랜덤배속 챌린지 IVE 아이브 'I AM' Random Speed #shorts #뚜아뚜지,1488492
32,IVE.zip 📂 ELEVEN부터 I AM까지 | Show! MusicCore,1486782
419,IVE 아이브 'ELEVEN' MV EXTRA CUT,1483670
310,[아이브 안유진] 킹받은 영석이형ㅋㅋㅋㅋ feat 복식호흡,1466999
512,I AM - IVE [Music Bank] | KBS WORLD TV 230421,1458619
196,(충격 논란?) 샤워할 때 슬리퍼 (신는다 VS 안 신는다) [아이브 안유진],1446938
194,Kitsch 완전체 무대 아이브,1395734
76,"IVE (아이브), THE SHOW CHOICE! [THE SHOW 230418]",1389376
149,IVE (아이브) - Kitsch (키치) Stage Mix 무대모음 교차편집,1383919
251,또 이서 놀리는 안유진 ㅋㅋㅋㅋㅋ (♬ 아이브 I AM 안무 연습),1365424
124,"아이브 “I AM"" 구글번역하면?",1364335
542,[가요대제전] IVE YUJIN - Lion Heart(아이브 안유진 - 라이언 하트) FanCam | MBC Music Festival | MBC221231방송,1352581
351,리코더의 신 IVE 아이브 ‘I AM’ 연주 #shorts [민쩌미],1330573
511,[MPD직캠] 아이브 안유진 직캠 4K 'Kitsch' (IVE YUJIN FanCam) | @MCOUNTDOWN_2023.4.13,1292999
409,[아이브] 결국 눈물 흘리는 레이..😭😭,1281352
214,IVE(아이브) - LOVE DIVE @인기가요 inkigayo 20220417,1274595
312,IVE 아이브 'I've IVE' Highlight Medley,1252313
536,IVE 아이브 MV 'I AM' - 비하인드,1245879
199,스쿱마켓에서 아이브앨범 뽑기 #샤빵구 #스쿱마켓 #funny #shorts,1245438
212,[MPD직캠] 아이브 1위 앵콜 직캠 4K 'I AM' (IVE No.1 Encore FanCam) | @MCOUNTDOWN_2023.4.27,1241859
479,아이브 무대 실제로 보면 이런 기분 #아이브 #IAM #아이엠 #shorts,1235886
358,🐶 유진이랑 겹치는거 몇개? ✨ .ᐟ.ᐟ #아이브 #유진 #유진이랑겹치는거몇개 #아이브유진,1233358
232,[2022 MMA] IVE(아이브) 'LOVE DIVE + After LIKE' @ 2022 Melon Music Awards (MMA 2022),1223101
376,아이브 장원영 (IVE WONYOUNG) 직캠 교차편집 'I AM (아이엠)',1211448
560,[안방1열 직캠4K] 아이브 장원영 'After LIKE' (IVE JANG WONYOUNG FanCam) @SBS Inkigayo 220828,1205852
192,[아이브 안유진] I AM 미리듣기 반응 (신곡 발매 전),1205667
138,아이브 응원봉 들고 IVE 아이브 'I AM' #shorts #뚜아뚜지,1203047
301,돌아온 레이와 6인버전 WAVE 무대하는 아이브,1200658
275,Cherish (Cherish),1196104
309,"[아이브 이서] ""인사"" (조기교육의 중요성) feat. 리즈",1195516
548,IVE(아이브)-I AM Dance Cover 안무 #shorts,1181874
342,아카라카 아이브 등장 10초 전 💙🩵 #IVE #아이브 #연세대학교 #아카라카 #Shorts,1172120
556,IVE 아이브 'Kitsch' MV 반응,1171652
258,아이브 안유진 iam연습 3일차 #아이브 #ive #iam #안유진 #연습,1165302
163,✨️아이브✨️멤버중 숏단발 머리가 가장 잘 어울리는 멤버는? #아이브 #iam,1164337
5,[4K] IVE (아이브) I AM (아이엠) 교차편집 (Stage Mix),1153212
347,[아이브] 중독성 강한 일본 컴백곡 'WAVE'🎧1분 뮤비 #shorts,1137994
316,이시끼 춤좀 늘었다고 이제 센터에서 춰버리네? #아이브 #ive #iam,1128706
401,IVE(아이브) - 'LOVE DIVE' COVER by 새송｜SAESONG,1100012
446,Mine (Mine),1085186
98,엄마가 아이브 포카 사기포장 영상을 봤을때 생기는 일..?(마지막 반전),1073474
295,재산 264억 $$ [아이브 리즈],1071075
213,[TJ노래방] Kitsch - IVE(아이브) / TJ Karaoke,1054734
326,"아이브 (IVE) 2022 MMA (LOVE DIVE + After LIKE) Stage Reaction (G I-DLE, STAYC, NewJeans, ENHYPEN, 임영웅)",1050107
375,IVE 아이브 The 32nd 서울가요대상 DANCE PRACTICE,1047890
125,[4K/최초공개] IVE (아이브) 골든디스크 대상 퍼포먼스 - ELEVEN + LOVE DIVE l @ K-909 230506 방송,1040687
203,화음 폼 ㅁㅊㄷ #iam #ive #아이브,1012179
206,이빨을 빼면 벌어지는일..(ft.아이브 앨범깡),1012158
101,아이브(IVE) - Kitsch 교차편집(stage mix),998868
243,IVE 아이브 'After LIKE' MV Reaction,990605
270,"[2022 MBC 가요대제전] 아이브 - 러브 다이브 (IVE - LOVE DIVE (Rock ver.)), MBC 221231 방송",983865
392,🐹 레이랑 겹치는거 몇개? ✨ .ᐟ.ᐟ #아이브 #레이 #레이랑겹치는거몇개 #아이브레이,972752
131,작사가님 앞에서 가사 틀리는 리즈ㅋㅋㅋㅋㅋ [아이브 리즈 장원영 안유진] ♬Shine With Me,970869
156,국민 걸그룹 아이브 처음 본 외국인 찐반응 [아이브 - Kitsch],958097
439,내 장점이 뭔지 알아 바로 ”연세대“인 거야💙🦅 #IVE #아이브 #AfterLIKE #애프터라이크 #연세대학교 #아카라카 #Shorts,956251
221,I AM - IVE [뮤직뱅크/Music Bank] | KBS 230414 방송,944243
430,33시간째 안잔 사람의 아이브앨범깡,918952
207,억울한 엔딩 (리즈 속이기ㅋㅋㅋㅋ) ♬ 아이브 - I AM feat. 리즈피스(진짜 좋아해 포즈),901185
45,🔥IVE 아이브 'I AM' 여키 3옥 솔🔥채널 최초 도전 (feat. 혜다),898020
224,골저스 뜻 모르는 아이브 (♬ I AM Gorgeous ver.),862602
474,다이브가 아쉬워 할까봐 가져온...🎁 Blue Blood💙🩸 (YONSEI EDITION) #IVE #아이브 #BlueBlood #Shorts,860835
341,Heroine (Heroine),837771
424,아무 말 대잔치 아이브 #Shorts,837473
186,IVE(아이브) - I AM (piano tutorial) #shorts,831873
378,아이브 - 'Kitsch' 레진공예 / IVE Resinart / 키치 쉐이커,831312
225,12년생이 추는 IVE [아이브] - I AM [아이엠] #shorts Covered by 민채(MinChae)｜클레버TV,823790
288,"[리무진서비스] EP.58 아이브 이서 | IVE LEESEO | Blue Blood, Bungee, Star, Make Up",818358
291,아이브 멤버들 닮은 존똑 캐릭터 미니브🐶 #shorts,816771
35,I AM - IVE 아이브 뮤직 우당탕 비디오 촬영기 | 고인물 아이돌 연습생,815879
253,아이브 (IVE) - INTRO + LOVE DIVE + After LIKE [2022 KBS 가요대축제] | KBS 221216 방송,813949
10,폭염 대비!!듣기만 해도 시원한 여름 노래들 | 광고없는 여름 노래 모음 [playlist],813487
50,IVE My Satisfaction Lyrics 아이브 마이 새티스팩션 가사 | After LIKE | Color Coded | Han/Rom/Eng,812222
34,IVE (아이브) 'I AM' 교차편집 (Stage Mix) [4K],807144
262,IVE (아이브) - 'I AM' COVER #shorts #IAMchallenge #아이엠 #아이브,798523
198,🎤잼민이 노래방🎤 IVE 아이브 I AM 아이엠 #shorts,794669
209,우리만의 자유로운 nineteen's kitsch🧸🎀 IVE album scrap • 아이브 ‘아이엠&키치’ 앨범 스크랩,792956
170,IVE (아이브) - Kitsch (1 HOUR LOOP) Lyrics | 1시간,776370
46,사랑이가 춤추는 아이브의 I AM #shorts,770513
331,장원영 파트로 시작하는 아이브(IVE) 신곡 I AM(아이 엠) 을 손글씨로 써 보자,767360
323,아이브 WAVE 챌린지 인기조회수 4분할,765238
321,아이브(IVE) - I AM (아이엠) 커버댄스!! 동생이 숨은 곳은 어딜까요?! ㅋㅋㅋ #shorts,763708
185,아이브 전 재산 몰빵?! 대상 받아서 다행입니다 #아이브 #shorts,759936
365,🦥 가을이랑 겹치는거 몇개? ✨ .ᐟ.ᐟ #아이브 #가을 #가을이랑겹치는거몇개 #아이브가을,754536
227,아이브(IVE) - 'My Satisfaction' 컬러 비주얼캠 ver. | #OUTNOW 220822,749346
438,I AM - IVE (아이브)【パート分け/日本語字幕/歌詞/和訳/カナルビ】,748780
264,안씻고 자는 리즈...?!??!?!!??!?? (침착맨 아이브 초대석),738789
425,🐰 원영이랑 겹치는거 몇개? ✨ .ᐟ.ᐟ #아이브 #원영 #원영이랑겹치는거몇개 #아이브원영,726776
61,아이브 레이 활동중단 선언하자마자 멤버 차별 논란 터진 이유ㄷㄷ 현재 난리난 과거 방송 장면들 총정리,717511
250,IVE 아이브 I AM 뮤비 스크랩 다이어리꾸미기 | 1분 다꾸journalwithme | scrapbooking | journaling #journal,717401
154,아이즈원을 거쳐 아이브까지 상처투성이였던 '장원영의 이야기',716313
359,아이브 '아이엠' 발매되자 해외에서 나온 반응,714300
421,[FreeMind] IVE(아이브) - LOVE DIVE (Freemind ver. Demo),713816
191,(아이브) 아이브의 응원 담당. but! #아이브 #ive #김밥,697888
106,[MPD직캠] 아이브 직캠 8K 'I AM' (IVE FanCam) | @MCOUNTDOWN_2023.4.20,696138
100,IVE 아이브 'I AM' MV Cover (Animal Crossing) #ive #아이브 #iam #cover #acnh #아이브아이엠챌린지 #모동숲,683684
429,IVE 아이브 ‘LOVE DIVE’ 응원법 Cheering Guide,672736
447,[#2022MAMA] IVE (아이브) | All Moments,666827
99,아이브_아이엠_댓글모음,658133
435,아이브 의상입고 폭주하는 #진격의언니 😱🔥 #kitschchallenge,656362
344,"[4K] 230408 MusicBank in Paris ""Kitsch"" IVE REI 아이브 레이 focus cam",652554
338,[CLEAN] [MR Removedㅣ라이브 엠알 제거] IVE(아이브) _ I AM(아이엠) @ 230418 SBS THE SHOW ENCORE,647724
104,IVE (아이브) - I AM | Show! MusicCore | MBC230422방송,645917
481,[MIRRORED] IVE 아이브 'I AM' 🌟 Dance Cover | Lisa Rhee,639065
302,"IVE(아이브), 몰입하게 만드는 무대 ＜Love Dive♬＞ #SBS가요대전 #SBSenter",627622
349,아이브 판스를 만들었어요! #shorts,617995
516,[MPD직캠] 아이브 장원영 직캠 4K 'I AM' (IVE WONYOUNG FanCam) | @MCOUNTDOWN_2023.4.13,615797
223,【다이브 테스트】눈만 보고 아이브 멤버 맞추기!#아이브#IVE#アイヴ#퀴즈#Kitsch,615433
307,외국인 vs 한국인 (한국어 대결) [아이브 리즈 레이],611104
327,대기실에서 목 푸는 아이브,609937
226,[아이브] 리더가 된 리즈,605304
405,IVE 아이브 MV 'After LIKE' - Behind The Scenes,598465
63,IVE PLAYLIST SONGS ALBUM | IVE I AM,597843
77,아이브 vs 뉴진스 하이틴 1등은 누구일까? #장원영 #뉴진스,591209
348,내가 만약 아이브 7번째 멤버라면?🔥☺,590893
294,개는 개를 알아봐 [아이브 안유진 이서] in 아이돌 인간극장,586602
361,보고 또 봐도 질리지 않는 아이브의 무대로 DIVE💙 IVE 무대 몰아보기 | IVE Stage Compilation,578384
451,아이브 (IVE) '( LOVE DIVE + After LIKE)',574177
252,IVE(아이브) - I AM - Violin Cover,568516
56,아이브 - I AM 역재생 하면 생기는 일... #shorts #안유진 #ive #iam #장원영 #역재생,565740
126,아이브✨️금발여신은 누굴까?!✨️#아이브 #ive,559103
558,IVE 아이브 MV 'Kitsch' - 비하인드 스토리,558951
340,🐯 이서랑 겹치는거 몇개? ✨ .ᐟ.ᐟ #아이브 #이서 #이서랑겹치는거몇개 #아이브이서,547770
25,IVE 아이브 'HAHAHA' MV,541437
456,[봉춘직캠 4K] IVE(아이브) - LOVE DIVE,541120
334,"IVE 아이브 ""WAVE"" 〜dance cover〜#shorts",540298
137,IVE (아이브) - I AM (아이엠) Comeback Stage Mix 무대모음 교차편집,536851
30,IVE ALL SONGS PLAYLIST 2023 | 아이브 노래 모음,514391
571,[IVE ON] 아이브 'After LIKE' MV 비하인드,511769
105,[아이브] 민망해하는 장원영 귀하다,505660
184,[KPOP IN PUBLIC / ONE TAKE] IVE 아이브 'I AM' | DANCE COVER | Z-AXIS FROM SINGAPORE,502610
23,[4K] IVE (아이브) Kitsch (키치) 교차편집 (Stage Mix),495213
522,[MPD직캠] 아이브 장원영 직캠 4K 'Kitsch' (IVE WONYOUNG FanCam) | @MCOUNTDOWN_2023.4.13,494951
450,[IVE - After Like] 2022 GIRL POWER Stage | #엠카운트다운 EP.778 | Mnet 221229 방송,493306
557,아이브(IVE) - KITSCH(키치) 커버댄스!! 남동생 없이 몰래 추기 성공!? #shorts,489331
103,IVE Blue Blood Lyrics (아이브 Blue Blood 가사) (Color Coded Lyrics),487831
147,아이브 가장 키 큰 멤버 1위 모랭? 😎,477933
268,아이브 항공✨️승무원❤️장원영✨️탑승하시겠습니까? #아이브 #ive #장원영,477875
565,09년생이 추는 IVE [아이브] - Kitsch [키치] #shorts covered by 시윤 (SiYoon)｜클레버TV,470730
508,[안방1열 직캠4K] 아이브 안유진 'I AM' (IVE AN YUJIN FanCam) @SBS Inkigayo 230430,470460
407,[#엠뚜루마뚜루] I AM 유진🤩 SHE IS 원영🌹 WE ARE 아이브🌟 아이브 안녕즈 모음집ㅣ#안유진 #장원영 #아이브 MBC230111방송,469776
217,도토리 세는 법...? [아이브 안유진],466330
453,💌 아이브중에 누가 제일 좋아요? ✨ .ᐟ.ᐟ #아이브 #IVE #아이브중에누가제일좋아요 #아이브좋아,458815
269,아이브 노래모음 6곡 (가사포함),455111
381,#아이브 #논란 #반박하기 #악플 X #선플 O #와현(님)영상,448383
215,장원영✨️여군변신✨️ #아이브 #장원영 #ive,446992
289,프로미스나인 하영vs아이브 리즈 'I AM' 고음 발성 비교 분석!! #shorts,439359
218,아이브 IVE 키치 KITSCH 니가 보낸 DM을 읽고 나서 춤선 한 눈에 보기,436638
122,아이브 일본 데뷔 무대에서 “장원영 혼자” 올 립싱크하다 들통난 상황ㅋㅋ,435151
79,IVE (아이브) - I AM [가사/Lyrics],430730
3,IVE PLAYLIST ALL SONGS ALBUM 2023 | IVE I AM,427818
317,IVE 아이브 'I AM' 응원법 (Cheering Guide),427352
440,[페이스캠4K] 아이브 이서 'After LIKE' (IVE LEESEO FaceCam) @SBS Inkigayo 220828,424582
308,"레이,. 아니 리즈가 고백하는법 #아이브 #레이 #리즈",424220
249,[예능연구소] IVE AN YUJIN – I AM(아이브 안유진 - 아이엠) FanCam | Show! MusicCore | MBC230422방송,404630
115,[풀버전] IVE 아이브 'I AM'을 거꾸로 치면 어떻게 될까?,402294
12,IVE (아이브) - I AM (1시간) / 아이엠 가사 Lyrics,399588
318,아이브 앨범사고 랜덤포토카드 누가 나왔을까용?? #shorts,397064
94,[아이브] 여보,393751
173,230212 더프롬퀸 The Prom Queens 'Me Too' IVE JANGWONYOUNG 아이브 장원영 직캠 (4k),389960
178,🐈‍⬛다들 리즈랑 똑같은거 몇개?🖤전 1개! #아이브 #김지원 #리즈,389883
60,[K-ALL Playlist] IVE (아이브) KBS 출연 모든 무대 모음 👍 All Stages on KBS Music Bank l KBS방송,383593
263,아이브 (IVE) 2022 GMA Full Ver. ( Intro +LOVE DIVE + After LIKE),382172
355,"중독성 쩌는 아이브 송!!🎵❣️ #쇼츠 #아이브 #1,2,3아이브 #유진 #가을 #레이 #원영 #리즈 #이서",381439
382,아이브 키치 라이브 무슨일?,372564
57,리즈✨️황금비율✨️몆% 일까? #아이브 #ive #liz #리즈,363257
406,나만 모르고있었네 #르세라핌 #아이브 #트와이스 #빌리 #홍은채 #최예나 #나연 #모모 #채영 #츠키 #혼다히토미 #가을 #레이,357334
81,Classic,356389
97,IVE Lips Lyrics (아이브 Lips 가사) (Color Coded Lyrics),349361
31,아이브 노래모음 (가사포함) | IVE Playlist (Korean Lyrics),348249
7,IVE PLAYLIST 2023 ALL SONGS UPDATE | 아이브 노래 모음,338402
242,[예능연구소] IVE - I AM(아이브 – 아이엠) FanCam | Show! MusicCore | MBC230429방송,337889
140,언니가 아끼던 아이브 포카를 가위로 잘라버린 동생 설이..ㅠㅠ,334935
319,아이브 리즈 실물 현장,328394
541,[안방1열 직캠4K] 아이브 장원영 'Kitsch' (IVE JANG WONYOUNG FanCam) @SBS Inkigayo 230423,327015
38,[CC해석/발음] IVE 'Shine With Me' Lyrics (아이브 샤인윗미 가사해석) (Color Coded Lyrics),326919
205,"아이브 ""I AM"" 뮤직비디오 완벽 해석ㄷㄷ 뮤직비디오에 숨겨진 소름돋는 디테일들 총정리",321858
369,수제 아이브 쪼꼬미 앨범💿 Crafting IVE Album #miniature,320687
230,"IVE(아이브), 요정들이 보여주는 환상적인 무대 ＜After Like (발라드 ver)+댄스브레이크♬＞ #SBS가요대전 #SBSenter",312667
177,아이브 I AM 안무 느리게 거울모드 배우기 Mirro #IVE #Iam #IAMchallenge,311099
412,(ENG/IDN) [FANVATAR Q플리 ep. 10] DIVE의 마음을 다채롭게 만든 IVE의 TMI 인터뷰 💜 l IVE 인터뷰,303430
204,[EN/JP] 아이브X돌박2일 in 춘천 몰아보기 ❤️‍🔥 완전판 ✨,302938
575,[IVE ON] 2023 HAPPY NEW YEAR with IVE,301804
463,[가요대제전] IVE LEESEO - Lion Heart(아이브 이서 - 라이언 하트) FanCam | MBC Music Festival | MBC221231방송,296672
161,[여기서요?] 아이브 IVE - Kitsch | 커버댄스 Dance Cover @인사동,295938
276,아이브 비트로드➰메이크스타 미공포깡👊🏻 이번 활동 미공포는 다 레전드 그 자체..❤️‍🔥,293824
248,IVE 아이브 'Classic' MV,291180
0,[IVE ON] 미니브 파크 비하인드,288378
260,아이브가 부르는 김밥🎶(가사 외우기 미션),277607
134,IVE (아이브) & YOU AS A MEMBER | I AM | [Karaoke] Color Coded (EASY LYRICS),273273
189,🔎미니브 팝업스토어 가기 전에 봐야 할 영상!!! (feat. 더현대서울 아이브 팝업),272310
364,오빠가 아이브 이름을 어떻게 알아?,268131
366,[K-Fancam] 아이브 장원영 직캠 'I AM' (IVE WONYOUNG Fancam) @MusicBank 230421,261260
44,After LIKE 부터 ELEVEN 까지 ♥︎ IVE 무대 몰아보기 | IVE Stage Compilation,258023
238,[아이브] 똑똑이 리즈ㅋㅋㅋㅋㅋ (feat. 빠른 태세전환),251648
179,"𝐏𝐥𝐚𝐲𝐥𝐢𝐬𝐭 2023년 7월 1주차 여자아이돌 걸그룹 노래모음 🎵🌺 KPOP (여자)아이들, 아이브, 르세라핌, 에스파, 피프티피프티, 뉴진스 | 플레이리스트 PLAYLIST",248928
152,아이브에서 가장 인기 많은 멤버는 누구? 브랜드평판 개인 순위(21.12~23.4) #shorts,242019
443,파산 안녕즈 #Shorts,240577
210,IVE(아이브) - 'WAVE' 레진아트 / IVE Resinart Shaker,234306
530,230520 아카라카 연세대학교 AKARAKA Yonsei University 'KITSCH(키치)' IVE JANGWONYOUNG 아이브 장원영 직캠 (4k),233572
43,(40분) 예능에 적응한 아이브(IVE) 어떻게 버틸 건데?｜아는형님｜JTBC 230415 방송 외,230497
1,230622 IVE MINIVE PARK에 놀러와🎡🌳💛,229959
261,[아이브 리즈] 엄청난 단어,227775
298,최애포카를 뽑고싶다면 부적으로 비벼 비벼🍀아이브 부적포카🧧 | 개봉 | 자작 | 컨셉 | 무료도안 | 별별세상,225757
417,[페이스캠4K] 아이브 안유진 'Kitsch' (IVE AN YUJIN FaceCam) @SBS Inkigayo 230423,223050
457,[FULL] MC무현 ROH DIVE / 아이브 (IVE) LOVE DIVE,222505
220,【고퀄주의】 IVE(아이브) - I AM 풀버전 (piano cover),218879
146,[ENG] [6회] #아이브 깜놀😳 #레이 아버님보다 나이 많은 종국 오빠😓😨 #너목보10 | Mnet 230426 방송,212456
166,IVE(아이브) - 'I AM' cover by 새송｜SAESONG,212294
292,아이브( IVE) - 'Kitsch(키치)' 이지혜(feat. 채정안) COVER [밉지않은 관종언니],207306
119,아이브2탄 아이엠 랜덤그리기2편IVE-IAM,200553
525,[안방1열 직캠4K] 아이브 장원영 'I AM' (IVE JANG WONYOUNG FanCam) @SBS Inkigayo 230423,193626
572,[IVE ON] 아이브 'After LIKE' 1위 비하인드,183719
431,230418 IVE “1 HAVE 1VE” 🏆🏆🏆,177582
197,[#최애직캠] IVE YUJIN - I AM(아이브 안유진 - 아이엠) Close-up Cam | Show! MusicCore | MBC230422방송,174478
372,[K-Fancam] 아이브 이서 직캠 'I AM' (IVE LEESEO Fancam) @MusicBank 230421,172103
489,IVE with 광동 옥수수수염차 BEHIND PREVIEW #Shorts,166587
442,[가요대제전] IVE – LOVE DIVE(아이브 - 러브 다이브) FanCam | MBC Music Festival | MBC221231방송,162560
233,아이브 ‘I AM’ 찍기 못하는 학생 ver.,161649
437,IVE 아이브 PHOTOSHOOT 'I've IVE' - 비하인드 #1 PREVIEW #Shorts,153265
371,[아이브] 갑자기 노래 불러달래서 고장난 리즈ㅋㅋㅋㅋㅋ,152779
402,아이브의 장기자랑 타임 #Shorts,151016
11,용암보다 사람이 더 위험한 아포칼립스 생존기,150427
171,장원영이 아이브 데뷔 초에 비해 달라진 점 ㄷㄷ,150013
90,IVE - 'I AM' dance Mirror mode 아이브 아이엠 안무 거울모드,148697
336,아이브 'WAVE' 안무 느리게 배울 사람?🙋🏼‍♀️ 거울모드 IVE WAVE Dance slow mirror #ive #dance #shorts,147980
306,IVE 아이브 'NANANA' MV,147617
339,자존감 빵빵하게 채워주는 아이브의 I AM🎵 @IVEstarship #shorts #THEKPOP #THESHOW,146599
333,[아이브 안유진] 영석이형 과거 feat. 스물아홉 나영석(미혼),143366
193,IVE 아이브 'LIAR' MV,141336
498,[Special Clip] IVE 아이브 2022 New Year's Greetings,141015
528,[MPD직캠] 아이브 가을 직캠 4K 'Kitsch' (IVE GAEUL FanCam) | @MCOUNTDOWN_2023.4.13,140760
472,세뱃돈 저축으로 장만한 새 차 (ft.상황극) #Shorts,139419
362,[K-Fancam] 아이브 리즈 직캠 'I AM' (IVE LIZ Fancam) @MusicBank 230421,138649
64,[아이브 장원영] 이거 어떻게 해~!!!,138447
345,(50분) ＂ 인사 안하면 기분 나빠 ＂ 최소 편집자보다 한국어 잘함ㅋㅋ 여자아이돌 외국멤 보다보니 어느새 K-패치 완성★｜아는형님｜JTBC 230429 방송 외,134255
505,아이브의 도토리 주크박스 #shorts,125249
183,IVE(아이브) - I AM 교차편집(stage mix),125192
118,IVE (아이브) THE FIRST FAN CONCERT IN MANILA FULL CONCERT HIGHLIGHTS FANCAM,124963
411,공포 체험하다가 뿌앵ㅠ 아이브 최강 겁보 리즈 #Shorts,124702
68,[MIRRORED] IVE(아이브) - I AM(아이엠) Dance Cover 커버댄스 거울모드 안무,119858
485,아이브 광란의 댄스타임🪩 #shorts,118294
350,아이브 쉬는 시간 #shorts,112609
201,'아이브' 무대의상 똑같이 따라 입어보기?!💘 I AM+키치 폼 미쵸따!!🤩,112347
39,IVE (아이브) - Shine With Me (1 HOUR LOOP) Lyrics | 1시간 가사,111874
255,아이브 일본 앨범 ‘𝑾𝑨𝑽𝑬’ 앨범깡🌹 레이 일본 포카 세트로 구매했다❤️‍🔥⁼³₌₃ (+소니뮤직 포카도 구매해서 배송 오는 중!!),111018
436,[아이브] 틀리면 큰일나는 안무ㄷㄷㄷ (feat. 폭죽) | IVE - After LIKE,108985
569,'Kitsch' & 'I AM' 첫주 BEHIND #1 PREVIEW #Shorts,108347
368,아이브 장원영 포카포장 #포카 #아이브 #다이브 #아이브원영#포장,106842
190,미니브 팝업스토어에 다녀왔어요♡ 대기줄 ㅎㄷㄷ😱 | 아이브 | 미니브파크 | 별별세상,102444
257,살빼고 일레븐때로 돌아온 아이브 리즈 #shorts,99756
477,애플이랑 뽀야미 왔어요〰 #Shorts,97754
501,'찰떡콩떡 핑크 찹쌀떡' 레이 완벽해~🎀 #Shorts,97175
377,🥕아이브 파파존스 포카 사기당한거 복수 사기극 컨셉tv,96739
133,아이브2탄 아이엠 랜덤그리기 3편 IVE-IAM,96665
330,다들 아이브 최애는 누구?💛아이브 최애 체크✅ #추천 #삐야기 #잼못타 #ZEPETO #로블록스 #제페토 #점프맵,95254
219,아이브 삭제된 장면 ㄹㅈㄷ ㅋㅋㅋㅋㅋㅋ,94599
208,아이브 뮤비 실물 과 현실 실물 수준 ?(장원영 안유지 레이 가을 이서 리즈)'I AM' MV,92371
325,아이브동요 부르는 레이 ㅋㅋ,92223
468,과몰입하다 찐텐나온 안댕댕 #Shorts,91508
267,[페이스캠4K] 아이브 장원영 'I AM' (IVE JANG WONYOUNG FaceCam) @SBS Inkigayo 230423,90740
128,장원영 남친?✨️남자 안유진✨️송승헌 쀨~?!🫢 #안유진 #장원영 #아이브 #ive,90679
370,IVE 아이브 - 'Kitsch' | 커버댄스 DANCE COVER | 안무 거울모드 MIRROR MODE,89422
531,"둘이 있으면 초딩이라는 장원영, 리즈",83286
37,IVE (아이브) - ‘Shine With Me’ MV,81764
47,아이돌 덕질 이렇게 하는거 맞나? 미니브 팝업스토어,78145
297,[TJ노래방] Shine With Me - IVE(아이브) / TJ Karaoke,73995
40,킹받는 코골이ㅋㅋㅋㅋㅋ👃zzZ [아이브 리즈 안유진],73340
314,미니브 굿즈 언박싱🎁 | MINIVE | IVE | 아이브 | 리뷰 | 별별세상,72180
127,IVE 아이브 'Queen Of Hearts' MV,69727
322,[OT6] Kitsch - IVE (아이브) Music Bank in PARIS 2023 | PERFORMANCE,69096
95,[아이브 리즈 레이] 세트로 사야되는 인형 (미니브 커플즈 치즈 & 나오리),68566
488,아이브 일본 앨범 'WAVE' 사웨 미공포깡🖤 IVE 'WAVE' album unboxing❤️,67034
543,맑은 눈의 광기 👀 아이브 안유진 얼굴분석💘 #shorts #안유진,60966
521,220125 MBC 2022 베이징 올림픽 대한민국 선수단 결단식 축하공연 IVE 아이브 Take It + 멘트 + ELEVEN,59398
234,(아이브) I am 댄스가 이렇게 만들어졌다고?!! #믿거나말거나,58724
290,아이브 리즈 운전 실력,55710
58,광동 옥수수수염차 구매하면 아이브 포카를 준대 👀🦻,54356
65,퉁퉁이 - I AM (feat. 아이브 리즈),53854
397,IVE 아이브 ‘Blue Blood’ MV,51794
237,[보람씨야] I AM - 아이브 무반주 라이브 #shorts,49972
53,아이브 보컬 순위 | Ranking IVE in vocals,46738
504,230617 The Prom Queens 팬콘서트 in MANILA IVE REI 아이브 레이 직캠 - 'I AM',45186
293,도쿄 아이브 앨범깡🫧 | #ive #wave #eleven,41466
391,원어민 멤버없는 아이브가 영어 인터뷰하는 법,40407
246,밥 먹는 물고기 [아이브 이서],39246
273,❤️‍🔥 아이브 수제포카 포장 키치 AI버전 판매합니다 선착순 1명 ❣️IVE KITSCH 🎶,37397
155,[TJ노래방] Mine - IVE(아이브) / TJ Karaoke,36136
486,[Thank You Stage] IVE (아이브) l 2022 MAMA AWARDS x M2,35329
91,댕댕이로 산다는 건 어떤 느낌일까... [아이브 장원영 안유진],35321
332,아이브가 떡볶이를 먹으면 안되는 이유🤣,34997
465,IVE 아이브 'I AM' MV DANCE COVER feat ( Odd Vision ),34782
274,유진이는 배고파서 점점 망가져봅니다. #아이브 #ive #안유진 #지락실,34368
87,아이브의 은밀한 삼각관계#ive #아이브 #레이 #안유진 #유진 #리즈 #삼각관계,33883
158,IVE (아이브) - SHINE WITH ME MV 4K,33488
266,[CC해석/발음] IVE 'I AM' Lyrics (아이브 아이엠 가사해석) (Color Coded Lyrics),32936
72,아이브 얼굴 쇼,29637
461,K-POP 랜덤플레이댄스🎀|아이브|최예나|프로미스나인|주헌|최신|신청곡|,28477
445,Life is 아름다운 갤럭시💫 #IAMchallenge #아이엠챌린지 #IAM #아이엠 #IVE #아이브 #shorts,27835
92,💓IVE 아이브 ‘WAVE’ 선생님 ver. #summerofshorts,27421
573,[MAKING FILM] 안유진(IVE) - 2022 GATORADE X STARSHIP CAMPAIGN,26633
564,IVE - WAVE Live,26442
313,공포의 삼각관계 『아이고~ 무서워라~』 [아이브],26358
254,#다이브 #아이브 #WAVE #이서 #현서 #이현서,25370
390,알콩달콩한 두콩즈#izone #ive #아이즈원 #아이브 #레이 #안유진 #유진,23539
112,아이브를 학부모들이 부담스러워하는 이유 #shorts,23170
441,아이브 레이 인형 모음. zip🐣,22996
388,230617 IVE 아이브 'LOVE DIVE ENCORE' 직캠 FANCAM PROM QUEENS MANILA,21838
69,"아이브(IVE), 아름다운 빗속의 소녀들 (출국)✈️ICN Airport Departure 23.6.29 #Newsen",21771
239,"[아이브] IVE - 1,2,3 IVE (동요)",21337
93,거꾸로 치는 아이브 i am (경영학도님 음원),20973
6,[𝐏𝐥𝐚𝐲𝐥𝐢𝐬𝐭] 아이브 노래 모음 💖IVE 플레이리스트🎶,19555
449,궁극의 아이돌 아이브의 멤버별 최애의아이 요아소비 아이돌 댄스 챌린지! (유진이는 챌린지를 안해서 제외 됐습니다😅) / #ive #아이브 #アイヴ #IDOL #アイドル #챌린지,19168
86,"아이브(IVE), 꺄르르 꺄르르 해맑은 모습이 예쁜 레이~ (입국)✈️ICN Airport Arrival 23.6.26 #Newsen",17697
89,[4K 60P]230624 아이브 대만 팬콘 I AM 직캠 IVE The Prom Queen in Taipei I AM FANCAM,17530
74,"아이브(IVE), 우리 막냉이 건강해야돼 (입국)✈️ICN Airport Arrival 23.7.1 #Newsen",16598
329,아이브 안유진 아이브송 (출처 123 lVE 3 PE.6),16451
222,[아이브/안유진] 무표정 마카레나 챌린지,15926
454,230630 PROM QUEENS SG - 아이브 IVE Jang Wonyoung 장원영 CHEER UP 4K 60fps 아이브 IVE,15241
75,"아이브 미니브 파크 갔는데,예약을 안 해서 못 들어갔오요ㅠㅠㅠ #브이로그 #주말 #인형 #아이브 #여의도",13185
259,[#가요대축제] 아이브 (IVE) - INTRO + LOVE DIVE + After LIKE | KBS 221216 방송,12898
469,"[문화연예 플러스] 아이브, 정규앨범 '아이해브 아이브' 발표 (2023.04.11/뉴스투데이/MBC)",12728
311,[IVE/아이브] 아이브 구호는?,11270
591,엄마 몰래 방 어지르다가 딱 걸려버린 시윤이..? 결국 엄마한테 혼났다구요?! ㅠㅠ 멤버들에 방에 도대체 무슨 일이 있었던 걸까요??｜학생방소개｜클레버TV,10902
523,유진이랑 겹치는 거 몇 개?🐶⭐ #shorts #윤콩 #아이브 #유진 #wave,9225
181,"아이브, ""빗속에서도 빛나는 미모"" l IVE, ""Shining beauty even in the rain"" [공항]",8172
589,얼토츠등장!! 얼토츠뽑기 바로갑니다!,7491
59,IVE (아이브)-김밥 cover,7337
480,[KPOP IN PUBLIC LONDON] IVE (아이브) 'I AM' | SIDE CAM [4K] Dance Cover [ONE TAKE] | SEGNO,6813
27,요즘 난리 난리난 아이브(IVE) X 미니브 팝업스토어에 갔는데 이럴수가! 미니브 친구들 캐릭터를 구할 수가 없어요 이건 정말 말이 안돼요ㅠㅠ 아빠가 화가났어요 [사랑아놀자],6674
78,I AM(아이엠) - IVE(아이브) 리코더 연습곡 (높은파#),6000
374,"아이브 이서, 인형보다 더 깜찍한 미모 ('샤넬 코드컬러' 팝업)📸 IVE 'LEESEO' #Newsen",5717
470,장원영이 임신 만화 작가에게 언급 당했다 망했다 (이슈) #최애의아이 #아이브,5644
416,[아이브 안유진] 퀴즈 푸는 맑눈광 (👁‿👁) (지구오락실 맑은 눈의 광인 모먼트 모음),5539
111,230629 아이브 (IVE) 폭우 속 출국 Departure | 인천공항,5341
577,[줍줍 TIME] 다이브를 숨 멎게 할 IVE의 애교 세트♥ | Show Champion | EP.430,5128
452,장원영 IVE(아이브) [데뷔전~2023년 현재 변천사],5038
448,[TJ노래방 / MR Live] Kitsch - IVE(아이브) / TJ Karaoke,4622
559,4k 업스케일링 아이브 장원영 틱톡 #4k #upscale #ive #wonyoung #shorts #tiktok #アイヴ #JANGWONYOUNG #ジャンウォニョン #ウォニョン,4526
82,[20230630] IVE 아이브 First Fan Concert - Singapore [Kitsch] #ive #아이브 #singapore #kitsch #IVEinSG,4217
236,미니브 많관부 #안유진 #가을 #원영 #리즈 #레이 #이서 #ive #아이브,3904
428,IVE 아이브 'SAVAGE' MV,3849
135,[20230630] IVE 아이브 First Fan Concert - Singapore [Love Dive] #ive #아이브 #singapore #lovedive #IVEinSG,3248
15,귀에 바람 불기ㅋㅋㅋㅋㅋ [아이브 리즈 가을],2979
139,(IVE) 아이브 리즈 입덕 잔망모음.zip2📂,2910
420,"[문화연예 플러스] 아이브 정규 1집, 발매 6일째 100만 장 돌파 (2023.04.17/뉴스투데이/MBC)",2829
471,댄스팀이 춤추는 아이브 'Kitsch' 커버댄스 #shorts,2739
507,댄스팀이 춤추는 아이브 'I AM' 커버댄스 #shorts,2572
551,논란 반박💗,2389
587,i am with ive#challenge #iam #ive #아이브 #short,2193
513,[#놀라운토요일] (70분) 출연마다 레전드 찍은 4세대 썸머퀸 걸그룹 모음.zip 이번 여름은 아이브X르세라핌X(여자)아이들 썸머퀸과 여름나기 🌊,1974
490,[KPOP IN PUBLIC|ONE TAKE]아이브IVE ‘I AM’ Dance Cover-IVE Fan Concert in Taipei by Amussie from Taiwan,1859
487,HIP한 느낌이 어색했던 아이브 'Kitsch' 안무 연습 비하인드🤣,1823
433,뉴진스 민지(NewJeans Minji)·케플러 최유진(Kep1er Choi Yujin)·아이브 이서(IVE LEESEO) '남심 스틸러는 누구?' #민지#이서#최유진,1764
593,30 de junho de 2023,1757
509,[KPOP IN PUBLIC CHALLENGE | ONE TAKE] IVE (아이브) 'I AM' Dance Cover from Taiwan,1662
278,🩵오늘은 오직 오늘뿐이야 | IVE (아이브) - NOT YOUR GIRL | 가사/해석/ENG,1656
515,아이브(IVE)-I AM 무반주 커버,1570
494,벌써부터 난리난 아이브 펩시 광고,1557
588,"[ 아이브 / 유진 ] 블랙이라서,,🥲 #아이브 #유진 #가을 #리즈 #레이 #원영 #이서 #블랙 #아이엠",1551
478,장원영 빅빅 스테이지 (모음) ❤️‍🔥❤️‍🔥,1411
506,[KPOP IN PUBLIC｜IVE THE FIRST FAN CONCERT] IVE(아이브) 'ELEVEN+Kitsch' Dance Cover by NOW! from Taiwan,1373
544,다음은 누굴 변신 시켜볼까요? 아이브가 아니여도 괜찬아요,1286
408,르세라핌 VS 아이브,1273
520,만약 아이브 멤버와 하루를같이지내면 누구와 지내고싶나요?,1262
354,아이브의 알람소리⏰️ #아이브 #shorts #일어나 #보이브,1183
444,[MV] IVE(아이브) -Kitsch I K-POP DANCE COVER 댄스커버 I 안무 CHOREOGRAPHY,1166
482,아이브 I AM거꾸로 피아노 친것틀고 점프맵하기! 출처 작곡하는 경영학도,1041
586,Mukbang 빨간색 파란색 음식 챌린지먹방Red Food VS Blue Food Challenge Fire Spicy Noodle 불닭볶음면 BBororo TTeokbokki,1002
539,아이브 논란 들,986
467,Kitsch(키치)-IVE(아이브) 노래하는최미희 COVER,840
497,[MV] IVE(아이브) - I AM I K-POP DANCE COVER 댄스커버 I 안무 CHOREOGRAPHY,832
527,아이브와 르세라핌을 섞는다면 ?? (4세대 걸그룹 가상이미지),830
547,"[뉴썰] ""폭발력 있는 아이돌"" 평론가가 말하는 걸그룹 '아이브'의 매력! / JTBC News",804
360,[4K 60FPS] IVE(아이브) - 'I AM(아이엠)' @ 쇼! 음악중심 Show! Music Core 230429,793
492,#장원영 #키치 아이브 - Kitsch,775
510,아이브 장원영( IVE Jang Wonyoung),770
17,"르세라핌 · 아이브, 영국 NME '상반기 베스트앨범' 선정 / SBS / 굿모닝연예",739
426,🦋아이브 리즈 얼빡 포카 포장🫶#아이브#다이브#구독#포카 포장,726
491,"아이브 이서(IVE LEESEO), 깜찍함 묻어나는 '러블리 양볼하트♥' #Chanel #샤넬 #아이브이서 #ive #iveleeseo #아이브",716
592,리즈 돼지년 이라고 쓴 년 누구냐 진짜 죽여버리고 싶네 | 레이는 활동중단 햇었어서 다음에 넣겠습니다! #ive #dive #다이브가지켜줄게,611
534,아이브님이 주문하신 르세라핌 언포기븐 1배속 나왔습니다앙~,606
496,eleven으로 데뷔하던 아이브는 I am으로 회복한다.,577
413,[K-POP IN PUBLIC UKRAINE] IVE 아이브 - 'Kitsch' | by Yume,562
195,"[IVE] 아이브 싱글, 정규1집 전곡듣기 19 (가사포함)",559
466,[KPOP IN PUBLIC CHALLENGE | ONETAKE] IVE(아이브) 'I AM' Dance Cover from Taiwan,538
554,여러분은 아이브 안유진 이랑 몇개 겹처요? 저는 혈액형이랑 국적 ㅎㅎ 2023년 7월3일(월) 2시29분,531
578,오랜만에 올린영상 테루테루보즈그리고 색칠안함 출처 다치부계,476
540,아이브 - I AM 합작 (최종ver),459
529,아이브 Lovedive 속 '나르시스틱' 알고 보면 뇌가 다르다?! #1탄 #뇌과학,446
503,💌수제포카 포장 모음집 아이브 방탄소년단 지구오락실 아이유 handmade photo card packing IVE BTS IU 📦,442
524,댓글로 얄려줘요!!!! 아이브멤버는 누구줗아요,375
535,키치 역재생을 해보았다 ㄷㄷ(먼가 무서워짐..)#아이브#역재생,351
517,하이브가 절대 아이브를 이기지 못하는 이유,340
418,@IVEstarship IVE(아이브)-'Kitsch'Dance Cover by TrouBor from Taiwan,326
583,카타르 월드컵 조편성,307
526,[KPOP IN PUBLIC / ONE TAKE] IVE 아이브 'I AM' | DANCE COVER | IN2K FROM KZ (BEGINNER GROUP),259
484,After Like -아이브(IVE) 싱글🐬 #shorts⚘️#아이돌 #K-Pop,256
581,50명 감사해요❤열심히 하겠슴돠! QNA질문 많이 달아주세용!,230
537,I AM - IVE,213
500,[IVE 아이브] 'I AM' MV,168
519,가장 예쁜 아이브 멤버는?(여러분의 생각을 댓글로),168
561,아이브 13일 신곡 'I WANT' 발표 탄산 음료 브랜드와 특별한 컬래버 (댓글에 링크),157
582,장르로는 판타지(l am),148
533,뭔가 정상적인(?) 아이브 I AM,139
499,"[KPO IN PUBLIC] IVE(아이브)""I AM"" Dance Cover from Taiwan",136
476,저기요 지하철 가려면 어떻게 가야 해요? 아 아이브의 키치요,124
567,외마디 비명과 함께 쓰러진 종이인형 가을선배,100
228,230630 IVE 아이브 LIZ (리즈) YUJIN (유진) 'FLASHLIGHT' Prom Queen Singapore,97
566,이 공주님들 건들면 죽인다잉❤(사진에 공통점은?#아이브#유진 #가을 #레이 #원영 #리즈 #이서 #모두다 #사랑해 #알고리즘떠라,68
462,[아이브] 단체로 인생네컷 찍은 아이브 #아이브 #아이브안유진 #다이브 #아이브장원영 #아이브레이 #아이브리즈 #아이브이서 #아이브가을 #인생네컷,67
532,내 기준 아이브 리즈 아이엠 의상순위 TOP 5 5위랑 1위랑 옷은 같은데 머리가 달라서 그런거예요 #아이브 #리즈 #아이엠 신청은 댓글 열린 영상에,62
590,"[다이브로그]""나한테도 드디어 첫 회실이?""잇프,스스퀘,아이엠 주얼,가을,유진,원녕,레이,리즈,이서,아이브! 내가 세상에서 가장좋아하는거 알지??구독 플리즈🤍",52
518,나무위에서 찍은 아이브 아이엠 너무 뜨거워서 얼굴이 찌그러지는,34
576,IVE(아이브)논란 사이다 # 영상은 영상일뿐 __ 오해하지 말아요:) # 제목 다 안보고 댓글 다는 사람들 차단 + 신고함..,28
546,오늘의 쇼츠는 아이브 I am입니다. 재밌게 보시고 구독과 좋아요 눌러주세요.,25
585,장원영이 직접 작사 작곡 했다는 shine with me 오타있어요 ㅜ,25
514,아이브 비공굿 판매💕,24
553,아이브 아이엠 칼림바로 쳐보기 (성공) 김ㅇㅇ 보다 잘함! 악플금지 재 팬들한테 피해봄 악플달면 유트브 접음,15
502,눈 감고 아이브이름을 쓰면? #캡컷 #아이브 #다이브 @감쟈,13
549,아이브 앨범 공개!!좋아요를 누른다면 복이 올지도?! ⚠️끝까지 봐야함. 꼭!⚠️,9
555,아이브I AM 몰르는 분들도 있어서 알려드립니다 내일 킹카 또 알려주고 오늘 또 올릴 수는 없어서 내일이어서 이어서 그냥 보여드릴게요(아이앰),8
495,너냐 아이브 이쁘니가. 다른 멤버들도 이쁘지만 제 최애들 입니다! 자기 취향 존중! 출처:수빈,8
538,아이브 아는 사람 좋아요!!,6
552,내 기준 아이브 장원영 일레븐 의상순위 TOP 6 시간 때문에 1위가 빨리 끝났어요ㅜ 신청은 댓글 열린 영상에,4
580,여러분~~~~ 너~무 오랜만 이죠ㅠㅠ 요즘 영상을 못 올렸어요ㅠㅠ앞으로는 잘 올릴수 있도록!! 그럼 담 영상이서 뵈요,2
584,즐거운 주말인데 방 상태가???,1
579,주문하신도혁아이스크림나왔습니다 추천부탁 이름이랑 짜증나는이유댓글에적어두세요,0
563,아이브가 부른🎤 김밥! ( 마지막 부분 짤림 ㅜ ),0
